Reaction,ddG
1_i_1_A,1.17989059
1_i_1_B,0.501758501
1_i_1_C,0.650583556
1_i_1_D,1.238109014
1_i_2_A,1.17989059
1_i_2_B,0.501758501
1_i_2_C,0.715545793
1_i_2_D,1.125722444
1_i_2_E,1.238109014
1_i_3_A,1.125722444
1_i_3_B,0.473819986
1_i_3_C,0.619408639
1_i_3_D,1.125722444
1_i_3_E,1.125722444
1_i_4_A,1.238109014
1_i_4_B,0.240111033
1_i_4_C,0.559297578
1_i_4_D,1.074990526
1_i_4_E,1.125722444
1_i_5_A,1.17989059
1_i_5_B,0.392793996
1_i_5_C,0.559297578
1_i_5_E,1.027207628
144_i_1_B,0.981980567
144_i_1_C,1.074990526
144_i_2_B,1.074990526
144_i_2_C,0.820945045
144_i_3_A,1.238109014
144_i_3_B,0.820945045
144_i_3_C,0.897960775
144_i_4_B,0.858676701
144_i_4_C,1.027207628
144_i_5_B,0.820945045
144_i_5_C,0.897960775
145_i_1_B,1.238109014
145_i_1_C,1.027207628
145_i_2_B,1.17989059
145_i_3_B,0.820945045
145_i_4_B,0.749510758
145_i_4_C,1.074990526
145_i_5_B,1.027207628
157_i_1_A,1.17989059
157_i_1_B,0.682601444
157_i_1_C,0.682601444
157_i_1_E,1.125722444
157_i_2_B,0.446373616
157_i_2_C,0.446373616
157_i_3_B,0.392793996
157_i_3_C,0.5302345
157_i_3_E,1.125722444
157_i_4_B,0.419377753
157_i_4_C,0.559297578
157_i_4_D,1.17989059
157_i_4_E,1.125722444
157_i_5_A,1.074990526
157_i_5_B,0.315171704
157_i_5_C,0.5302345
157_i_5_D,1.074990526
157_i_5_E,1.074990526
166_i_5_B,1.17989059
181_i_1_A,0.981980567
181_i_1_B,0.589002233
181_i_1_C,0.559297578
181_i_1_D,1.17989059
181_i_1_E,1.074990526
181_i_2_A,1.125722444
181_i_2_B,0.5302345
181_i_2_C,0.589002233
181_i_2_D,0.981980567
181_i_3_A,1.238109014
181_i_3_B,0.446373616
181_i_3_C,0.682601444
181_i_3_D,1.17989059
181_i_3_E,1.17989059
181_i_4_A,1.17989059
181_i_4_B,0.419377753
181_i_4_C,0.589002233
181_i_4_D,1.125722444
181_i_4_E,1.125722444
181_i_5_A,1.074990526
181_i_5_B,0.340722979
181_i_5_C,0.501758501
181_i_5_D,1.074990526
181_i_5_E,1.17989059
182_i_1_B,0.501758501
182_i_1_C,0.5302345
182_i_2_B,0.749510758
182_i_2_C,0.820945045
182_i_3_B,0.820945045
182_i_3_C,0.858676701
182_i_4_B,0.446373616
182_i_4_C,0.820945045
182_i_5_A,1.238109014
182_i_5_B,0.619408639
182_i_5_C,0.715545793
202_vi_1_A,0.392793996
202_vi_1_B,-0.142812956
202_vi_1_C,-0.142812956
202_vi_1_D,0.366586769
202_vi_1_E,0.240111033
202_vi_2_A,0.501758501
202_vi_2_B,-0.264892334
202_vi_2_C,-0.118834511
202_vi_2_D,0.264892334
202_vi_2_E,0.289903935
202_vi_3_A,0.166908496
202_vi_3_B,-0.191142101
202_vi_3_C,0.749510758
202_vi_3_D,0.240111033
202_vi_3_E,0.191142101
202_vi_4_A,0.5302345
202_vi_4_B,-0.240111033
202_vi_4_C,0.023690626
202_vi_4_D,0.191142101
202_vi_4_E,0.166908496
202_vi_5_A,0.366586769
202_vi_5_B,-0.419377753
202_vi_5_C,-0.240111033
202_vi_5_D,0.446373616
202_vi_5_E,0.215535446
205_vi_1_A,0.559297578
205_vi_1_B,-0.366586769
205_vi_1_C,-0.118834511
205_vi_1_D,0.559297578
205_vi_1_E,0.340722979
205_vi_2_A,0.682601444
205_vi_2_B,-0.240111033
205_vi_2_C,-0.07114786
205_vi_2_D,0.366586769
205_vi_2_E,0.559297578
205_vi_3_A,0.650583556
205_vi_3_B,-0.289903935
205_vi_3_C,-0.215535446
205_vi_3_D,0.650583556
205_vi_3_E,0.5302345
205_vi_4_A,0.619408639
205_vi_4_B,-0.166908496
205_vi_4_C,-0.315171704
205_vi_4_D,0.589002233
205_vi_4_E,0.264892334
205_vi_5_A,0.589002233
205_vi_5_B,-0.240111033
205_vi_5_C,-0.191142101
205_vi_5_D,0.473819986
205_vi_5_E,0.619408639
207_i_1_A,0.501758501
207_i_1_B,0.289903935
207_i_1_C,0.392793996
207_i_1_D,0.559297578
207_i_1_E,0.589002233
207_i_2_A,0.820945045
207_i_2_B,0.264892334
207_i_2_C,0.366586769
207_i_2_D,0.650583556
207_i_2_E,0.820945045
207_i_3_A,0.749510758
207_i_3_B,0.289903935
207_i_3_C,0.392793996
207_i_3_D,0.650583556
207_i_3_E,0.749510758
207_i_4_A,0.784603173
207_i_4_B,0.215535446
207_i_4_C,0.473819986
207_i_4_D,0.749510758
207_i_4_E,0.715545793
207_i_5_A,0.749510758
207_i_5_B,0.240111033
207_i_5_C,0.340722979
207_i_5_D,0.589002233
207_i_5_E,0.682601444
210_i_1_A,0.366586769
210_i_1_B,-0.118834511
210_i_1_C,-0.142812956
210_i_1_D,0.366586769
210_i_1_E,0.302504127
210_i_2_A,0.515926322
210_i_2_B,-0.215535446
210_i_2_C,-0.083041947
210_i_2_D,0.240111033
210_i_2_E,0.264892334
210_i_3_A,0.191142101
210_i_3_B,-0.191142101
210_i_3_C,-0.047400225
210_i_3_D,0.264892334
210_i_3_E,0.166908496
210_i_4_A,0.5302345
210_i_4_B,-0.191142101
210_i_4_C,0.023690626
210_i_4_D,0.142812956
210_i_4_E,0.118834511
210_i_5_A,0.315171704
210_i_5_B,-0.264892334
210_i_5_C,-0.166908496
210_i_5_D,0.392793996
210_i_5_E,0.240111033
223_i_1_A,0.820945045
223_i_1_B,0.419377753
223_i_1_C,0.446373616
223_i_1_D,0.749510758
223_i_1_E,0.820945045
223_i_2_A,0.749510758
223_i_2_B,0.289903935
223_i_2_C,0.366586769
223_i_2_D,0.858676701
223_i_2_E,0.820945045
223_i_3_A,0.650583556
223_i_3_B,0.419377753
223_i_3_C,0.340722979
223_i_3_D,0.820945045
223_i_3_E,0.858676701
223_i_4_A,0.650583556
223_i_4_B,0.264892334
223_i_4_C,0.240111033
223_i_4_D,0.858676701
223_i_4_E,0.820945045
223_i_5_A,1.027207628
223_i_5_B,0.215535446
223_i_5_C,0.240111033
223_i_5_D,0.897960775
223_i_5_E,0.938987334
229_i_1_B,0.501758501
229_i_1_C,0.5302345
229_i_1_D,1.074990526
229_i_1_E,1.238109014
229_i_2_C,0.589002233
229_i_2_D,0.650583556
229_i_3_B,0.559297578
229_i_3_C,0.650583556
229_i_3_D,1.17989059
229_i_3_E,1.17989059
229_i_4_B,0.501758501
229_i_4_C,0.619408639
229_i_5_A,1.238109014
229_i_5_B,0.5302345
229_i_5_C,0.559297578
229_i_5_D,1.17989059
229_vi_1_B,0.559297578
229_vi_1_C,0.559297578
229_vi_1_D,1.17989059
229_vi_1_E,1.17989059
229_vi_2_C,0.501758501
229_vi_2_D,0.619408639
229_vi_3_B,0.589002233
229_vi_3_C,0.715545793
229_vi_3_D,1.238109014
229_vi_3_E,1.125722444
229_vi_4_B,0.473819986
229_vi_4_C,0.619408639
229_vi_5_B,0.501758501
229_vi_5_C,0.559297578
229_vi_5_D,1.238109014
230_i_1_B,0.446373616
230_i_1_C,0.559297578
230_i_1_D,1.17989059
230_i_1_E,1.238109014
230_i_2_B,0.820945045
230_i_2_C,0.820945045
230_i_3_B,0.858676701
230_i_3_C,0.820945045
230_i_4_B,0.501758501
230_i_4_C,0.938987334
230_i_5_A,1.238109014
230_i_5_B,0.559297578
230_i_5_C,0.715545793
242_i_1_A,0.419377753
242_i_1_B,0.366586769
242_i_1_C,0.392793996
242_i_1_D,0.559297578
242_i_1_E,0.340722979
242_i_2_A,0.366586769
242_i_2_B,-0.142812956
242_i_2_C,0.118834511
242_i_2_D,0.264892334
242_i_2_E,0.289903935
242_i_3_A,0.166908496
242_i_3_B,-0.07114786
242_i_3_C,0.749510758
242_i_3_D,0.240111033
242_i_3_E,0.191142101
242_i_4_A,0.5302345
242_i_4_B,-0.240111033
242_i_4_C,0.023690626
242_i_4_D,0.191142101
242_i_4_E,0.166908496
242_i_5_A,0.315171704
242_i_5_B,0.047400225
242_i_5_C,0.0
242_i_5_D,0.501758501
242_i_5_E,0.215535446
242_vi_1_A,0.392793996
242_vi_1_B,0.366586769
242_vi_1_C,0.419377753
242_vi_1_D,0.501758501
242_vi_1_E,0.366586769
242_vi_2_A,0.340722979
242_vi_2_B,-0.118834511
242_vi_2_C,0.118834511
242_vi_2_D,0.240111033
242_vi_2_E,0.289903935
242_vi_3_A,0.166908496
242_vi_3_B,-0.09495278
242_vi_3_C,0.5302345
242_vi_3_D,0.315171704
242_vi_3_E,0.240111033
242_vi_4_A,0.501758501
242_vi_4_B,-0.264892334
242_vi_4_C,0.0
242_vi_4_D,0.166908496
242_vi_4_E,0.166908496
242_vi_5_A,0.315171704
242_vi_5_B,0.0
242_vi_5_C,0.0
242_vi_5_D,0.473819986
242_vi_5_E,0.240111033
245_i_1_A,0.240111033
245_i_1_B,0.0
245_i_1_C,0.023690626
245_i_1_D,0.264892334
245_i_1_E,0.142812956
245_i_2_A,0.142812956
245_i_2_B,0.0
245_i_2_C,0.023690626
245_i_2_D,0.166908496
245_i_2_E,0.191142101
245_i_3_A,0.240111033
245_i_3_B,0.047400225
245_i_3_C,-0.047400225
245_i_3_D,0.215535446
245_i_3_E,0.191142101
245_i_4_A,0.191142101
245_i_4_B,0.023690626
245_i_4_C,0.047400225
245_i_4_D,0.166908496
245_i_4_E,0.142812956
245_i_5_A,0.191142101
245_i_5_B,0.023690626
245_i_5_C,0.0
245_i_5_D,0.215535446
245_i_5_E,0.142812956
245_vi_1_A,0.191142101
245_vi_1_B,0.047400225
245_vi_1_C,0.047400225
245_vi_1_D,0.240111033
245_vi_1_E,0.118834511
245_vi_2_A,0.142812956
245_vi_2_B,0.0
245_vi_2_C,0.023690626
245_vi_2_D,0.118834511
245_vi_2_E,0.142812956
245_vi_3_A,0.240111033
245_vi_3_B,-0.023690626
245_vi_3_C,0.0
245_vi_3_D,0.191142101
245_vi_3_E,0.166908496
245_vi_4_A,0.191142101
245_vi_4_B,0.023690626
245_vi_4_C,0.047400225
245_vi_4_D,0.118834511
245_vi_4_E,0.142812956
245_vi_5_A,0.09495278
245_vi_5_B,0.023690626
245_vi_5_C,-0.023690626
245_vi_5_D,0.118834511
245_vi_5_E,0.118834511
246_vi_1_A,0.047400225
246_vi_1_B,0.0
246_vi_1_C,0.023690626
246_vi_1_D,0.118834511
246_vi_1_E,-0.047400225
246_vi_2_A,-0.023690626
246_vi_2_B,0.023690626
246_vi_2_C,0.047400225
246_vi_2_D,0.0
246_vi_2_E,0.0
246_vi_3_A,-0.047400225
246_vi_3_B,0.142812956
246_vi_3_C,-0.047400225
246_vi_3_D,0.191142101
246_vi_3_E,0.047400225
246_vi_4_A,0.118834511
246_vi_4_B,-0.07114786
246_vi_4_C,-0.023690626
246_vi_4_D,0.0
246_vi_4_E,0.07114786
246_vi_5_A,0.09495278
246_vi_5_B,0.0
246_vi_5_C,0.023690626
246_vi_5_D,0.118834511
246_vi_5_E,0.118834511
249_i_1_B,0.619408639
249_i_1_C,0.650583556
249_i_1_D,1.027207628
249_i_2_C,0.5302345
249_i_2_D,0.715545793
249_i_3_A,1.238109014
249_i_3_B,0.501758501
249_i_3_C,0.589002233
249_i_3_D,1.125722444
249_i_3_E,1.238109014
249_i_4_B,0.5302345
249_i_4_C,0.589002233
249_i_4_E,1.238109014
249_i_5_A,1.17989059
249_i_5_B,0.473819986
249_i_5_C,0.501758501
249_i_5_D,1.125722444
249_i_5_E,1.238109014
251_vi_1_B,0.589002233
251_vi_1_C,0.559297578
251_vi_2_B,0.820945045
251_vi_2_C,0.858676701
251_vi_3_B,0.749510758
251_vi_3_C,0.858676701
251_vi_4_B,0.589002233
251_vi_4_C,0.784603173
251_vi_5_B,0.682601444
251_vi_5_C,0.682601444
253_i_2_B,1.17989059
253_i_2_C,1.238109014
253_i_3_B,1.238109014
253_i_5_B,1.17989059
253_i_5_C,1.238109014
262_vi_1_A,0.264892334
262_vi_1_B,-0.118834511
262_vi_1_C,0.0
262_vi_1_D,0.118834511
262_vi_1_E,0.118834511
262_vi_2_A,0.240111033
262_vi_2_B,-0.118834511
262_vi_2_C,0.023690626
262_vi_2_D,0.264892334
262_vi_2_E,0.315171704
262_vi_3_A,0.240111033
262_vi_3_B,-0.09495278
262_vi_3_C,-0.047400225
262_vi_3_D,0.289903935
262_vi_3_E,0.191142101
262_vi_4_A,0.682601444
262_vi_4_B,-0.07114786
262_vi_4_C,0.142812956
262_vi_4_D,0.340722979
262_vi_4_E,0.289903935
262_vi_5_A,0.419377753
262_vi_5_B,-0.240111033
262_vi_5_C,0.047400225
262_vi_5_D,0.191142101
262_vi_5_E,0.289903935
276_i_1_B,1.125722444
276_i_1_C,1.125722444
276_i_3_B,1.17989059
276_i_4_B,1.074990526
276_i_4_C,1.17989059
276_i_5_B,1.125722444
276_i_5_C,0.981980567
286_vi_1_B,1.208449001
286_vi_1_C,1.099959936
286_vi_2_B,1.152342057
286_vi_3_B,0.938987334
286_vi_4_B,0.839627562
286_vi_4_C,1.125722444
286_vi_5_B,1.099959936
29_i_1_A,1.125722444
29_i_1_B,0.650583556
29_i_1_C,0.559297578
29_i_1_D,1.238109014
29_i_1_E,1.027207628
29_i_2_B,0.392793996
29_i_2_C,0.392793996
29_i_3_B,0.446373616
29_i_3_C,0.5302345
29_i_3_D,1.238109014
29_i_3_E,1.125722444
29_i_4_A,1.238109014
29_i_4_B,0.392793996
29_i_4_C,0.501758501
29_i_4_D,1.125722444
29_i_4_E,1.027207628
29_i_5_A,1.074990526
29_i_5_B,0.340722979
29_i_5_C,0.501758501
29_i_5_D,1.027207628
29_i_5_E,1.074990526
328_vi_1_B,0.749510758
328_vi_1_C,0.858676701
328_vi_1_D,1.125722444
328_vi_2_B,0.858676701
328_vi_2_E,1.238109014
328_vi_3_B,0.820945045
328_vi_4_B,0.715545793
328_vi_4_C,0.981980567
328_vi_4_E,1.074990526
328_vi_5_B,1.17989059
328_vi_5_C,1.17989059
328_vi_5_D,1.125722444
365_i_1_A,1.238109014
365_i_1_B,0.446373616
365_i_1_C,0.559297578
365_i_2_A,1.17989059
365_i_2_B,0.559297578
365_i_2_C,0.682601444
365_i_3_B,0.784603173
365_i_3_C,0.715545793
365_i_4_A,1.238109014
365_i_4_B,0.501758501
365_i_4_C,0.589002233
365_i_5_A,1.17989059
365_i_5_B,0.473819986
365_i_5_C,0.589002233
365_i_5_D,1.238109014
365_vi_1_A,1.17989059
365_vi_1_B,0.446373616
365_vi_1_C,0.5302345
365_vi_1_D,1.238109014
365_vi_2_A,1.238109014
365_vi_2_B,0.5302345
365_vi_2_C,0.589002233
365_vi_2_D,1.027207628
365_vi_2_E,1.125722444
365_vi_3_B,0.619408639
365_vi_3_C,0.715545793
365_vi_3_D,1.125722444
365_vi_4_A,1.17989059
365_vi_4_B,0.473819986
365_vi_4_C,0.501758501
365_vi_4_E,1.17989059
365_vi_5_A,1.17989059
365_vi_5_B,0.473819986
365_vi_5_C,0.559297578
365_vi_5_D,1.17989059
365_vi_5_E,1.238109014
371_i_1_A,1.238109014
371_i_1_B,0.650583556
371_i_1_C,0.820945045
371_i_2_A,0.981980567
371_i_2_B,0.501758501
371_i_2_C,0.820945045
371_i_2_D,1.125722444
371_i_3_A,1.125722444
371_i_3_B,0.981980567
371_i_3_C,1.074990526
371_i_3_D,1.125722444
371_i_3_E,1.125722444
371_i_4_B,0.240111033
371_i_4_C,0.559297578
371_i_4_D,0.858676701
371_i_4_E,1.125722444
371_i_5_A,1.17989059
371_i_5_B,0.650583556
371_i_5_C,0.784603173
371_i_5_E,1.027207628
382_i_1_B,0.5302345
382_i_1_C,0.820945045
382_i_1_E,1.238109014
382_i_2_B,0.589002233
382_i_2_C,0.749510758
382_i_2_E,1.238109014
382_i_3_A,1.17989059
382_i_3_B,0.650583556
382_i_3_C,0.784603173
382_i_4_B,0.559297578
382_i_4_C,0.501758501
382_i_5_B,0.473819986
382_i_5_C,0.559297578
382_i_5_D,1.238109014
5_i_1_B,1.17989059
5_i_2_B,1.125722444
5_i_2_C,1.238109014
5_i_3_B,0.559297578
5_i_3_C,1.027207628
5_i_4_C,1.074990526
5_i_5_B,1.074990526
5_i_5_C,0.682601444
61_i_1_B,0.446373616
61_i_1_C,0.559297578
61_i_2_B,0.5302345
61_i_2_C,0.5302345
61_i_3_A,0.820945045
61_i_3_B,0.559297578
61_i_3_C,0.650583556
61_i_4_A,1.027207628
61_i_4_B,0.406036647
61_i_4_C,0.446373616
61_i_4_D,1.17989059
61_i_4_E,1.238109014
61_i_5_B,0.715545793
61_i_5_C,0.682601444
61_i_5_D,1.238109014
7_i_1_A,1.125722444
7_i_1_B,0.559297578
7_i_1_C,1.074990526
7_i_2_B,0.650583556
7_i_2_C,1.125722444
7_i_3_A,1.125722444
7_i_3_B,0.166908496
7_i_3_C,0.749510758
7_i_3_D,1.238109014
7_i_4_B,0.650583556
7_i_5_B,0.446373616
7_i_5_C,0.820945045
71_vi_1_B,0.820945045
71_vi_1_C,0.820945045
71_vi_1_E,1.17989059
71_vi_2_B,0.749510758
71_vi_2_C,0.858676701
71_vi_2_E,1.238109014
71_vi_3_A,1.238109014
71_vi_3_B,0.784603173
71_vi_3_C,0.820945045
71_vi_4_B,0.559297578
71_vi_4_C,0.650583556
71_vi_5_B,0.501758501
71_vi_5_C,0.650583556
72_i_1_A,1.074990526
72_i_1_B,0.559297578
72_i_1_C,0.589002233
72_i_1_D,1.238109014
72_i_1_E,1.074990526
72_i_2_B,0.419377753
72_i_2_C,0.419377753
72_i_3_B,0.392793996
72_i_3_C,0.589002233
72_i_3_D,1.125722444
72_i_3_E,1.238109014
72_i_4_B,0.446373616
72_i_4_C,0.589002233
72_i_4_D,1.17989059
72_i_4_E,1.238109014
72_i_5_A,1.17989059
72_i_5_B,0.366586769
72_i_5_C,0.589002233
72_i_5_D,1.074990526
72_i_5_E,1.125722444
73_i_1_B,0.619408639
73_i_1_C,0.650583556
73_i_1_D,1.17989059
73_i_2_B,0.446373616
73_i_2_C,0.715545793
73_i_3_A,0.897960775
73_i_3_B,0.619408639
73_i_3_C,0.473819986
73_i_3_D,1.125722444
73_i_3_E,1.238109014
73_i_4_A,1.125722444
73_i_4_B,0.559297578
73_i_4_C,0.501758501
73_i_4_D,1.125722444
73_i_4_E,1.238109014
73_i_5_B,0.501758501
73_i_5_C,0.650583556
73_i_5_D,1.238109014
73_i_5_E,1.17989059
76_vi_1_A,1.125722444
76_vi_1_B,0.650583556
76_vi_1_C,0.682601444
76_vi_1_D,1.238109014
76_vi_2_A,1.074990526
76_vi_2_B,0.5302345
76_vi_2_C,0.650583556
76_vi_2_D,1.125722444
76_vi_3_A,1.17989059
76_vi_3_B,0.559297578
76_vi_3_C,0.650583556
76_vi_3_E,1.125722444
76_vi_4_A,1.238109014
76_vi_4_B,0.5302345
76_vi_4_C,0.619408639
76_vi_4_E,1.17989059
76_vi_5_A,1.027207628
76_vi_5_B,0.619408639
76_vi_5_C,0.749510758
76_vi_5_D,1.074990526
76_vi_5_E,1.125722444
87_i_1_B,1.268975128
87_i_1_C,1.152342057
87_i_2_B,1.208449001
87_i_3_B,1.05075692
87_i_4_B,0.858676701
87_i_4_C,1.152342057
87_i_5_B,1.074990526
99_i_1_A,1.152342057
99_i_1_B,0.501758501
99_i_1_C,0.392793996
99_i_2_B,0.820945045
99_i_2_C,0.682601444
99_i_2_D,1.074990526
99_i_2_E,1.268975128
99_i_3_A,1.152342057
99_i_3_B,0.460037966
99_i_3_C,0.215535446
99_i_4_A,1.074990526
99_i_4_B,0.302504127
99_i_4_C,0.406036647
99_i_4_D,1.099959936
99_i_4_E,1.099959936
99_i_5_B,0.252474461
99_i_5_C,0.515926322
99_i_5_D,0.878113519
99_i_5_E,0.981980567
99_vi_1_B,0.650583556
99_vi_1_C,0.749510758
99_vi_1_D,0.981980567
99_vi_2_A,1.17989059
99_vi_2_B,0.366586769
99_vi_2_C,0.501758501
99_vi_2_D,1.125722444
99_vi_3_A,1.17989059
99_vi_3_B,0.473819986
99_vi_3_C,0.366586769
99_vi_3_D,1.238109014
99_vi_3_E,1.027207628
99_vi_4_B,0.446373616
99_vi_4_C,0.682601444
99_vi_4_D,1.074990526
99_vi_4_E,1.027207628
99_vi_5_B,0.340722979
99_vi_5_C,0.619408639
99_vi_5_D,1.125722444
99_vi_5_E,1.027207628
1_i_1_E,1.301167112
1_i_5_D,1.301167112
144_i_1_A,1.531802956
144_i_1_D,1.370103771
144_i_1_E,1.629422542
144_i_2_A,1.446325365
144_i_2_D,1.370103771
144_i_2_E,1.446325365
144_i_3_D,1.531802956
144_i_3_E,1.629422542
144_i_4_A,1.743657522
144_i_4_D,1.370103771
144_i_4_E,1.446325365
144_i_5_A,1.629422542
144_i_5_D,1.446325365
144_i_5_E,1.531802956
145_i_1_A,1.743657522
145_i_1_D,2.058499317
145_i_1_E,2.058499317
145_i_2_A,1.531802956
145_i_2_C,1.446325365
145_i_2_D,2.304684113
145_i_2_E,1.629422542
145_i_3_A,1.370103771
145_i_3_C,1.370103771
145_i_3_D,1.446325365
145_i_3_E,1.301167112
145_i_4_A,1.743657522
145_i_4_D,1.882001124
145_i_4_E,2.058499317
145_i_5_A,1.743657522
145_i_5_C,1.531802956
145_i_5_D,1.882001124
145_i_5_E,1.882001124
147_i_1_A,3.134624572
147_i_1_B,1.743657522
147_i_1_C,1.882001124
147_i_1_D,3.134624572
147_i_1_E,3.134624572
147_i_2_A,2.058499317
147_i_2_B,1.531802956
147_i_2_C,1.531802956
147_i_2_D,1.743657522
147_i_2_E,2.058499317
147_i_3_A,3.134624572
147_i_3_B,1.629422542
147_i_3_C,1.743657522
147_i_3_D,2.058499317
147_i_3_E,2.304684113
147_i_4_A,2.721168735
147_i_4_B,1.301167112
147_i_4_C,1.743657522
147_i_4_D,3.134624572
147_i_4_E,2.304684113
147_i_5_A,2.304684113
147_i_5_B,1.301167112
147_i_5_C,1.743657522
147_i_5_D,3.134624572
147_i_5_E,2.304684113
157_i_1_D,1.370103771
157_i_2_A,1.370103771
157_i_2_D,1.370103771
157_i_2_E,1.301167112
157_i_3_A,1.370103771
157_i_3_D,1.301167112
157_i_4_A,1.301167112
166_i_1_A,3.134624572
166_i_1_B,1.882001124
166_i_1_C,1.531802956
166_i_1_D,2.058499317
166_i_1_E,2.304684113
166_i_2_A,3.134624572
166_i_2_B,1.531802956
166_i_2_C,2.304684113
166_i_2_D,3.134624572
166_i_2_E,2.058499317
166_i_3_A,2.058499317
166_i_3_B,1.629422542
166_i_3_C,1.743657522
166_i_3_D,3.134624572
166_i_3_E,3.134624572
166_i_4_A,3.134624572
166_i_4_B,1.301167112
166_i_4_C,1.743657522
166_i_4_D,3.134624572
166_i_4_E,3.134624572
166_i_5_A,3.134624572
166_i_5_C,2.058499317
166_i_5_D,3.134624572
166_i_5_E,3.134624572
181_i_2_E,1.301167112
182_i_1_A,1.446325365
182_i_1_D,1.301167112
182_i_1_E,1.301167112
182_i_2_A,1.446325365
182_i_2_D,1.370103771
182_i_2_E,1.531802956
182_i_3_A,1.531802956
182_i_3_D,1.446325365
182_i_3_E,1.301167112
182_i_4_A,1.446325365
182_i_4_D,1.370103771
182_i_4_E,1.446325365
182_i_5_D,1.370103771
182_i_5_E,1.370103771
229_i_1_A,1.531802956
229_i_2_A,1.370103771
229_i_2_B,1.370103771
229_i_2_E,1.370103771
229_i_3_A,1.370103771
229_i_4_A,1.531802956
229_i_4_D,1.446325365
229_i_4_E,1.370103771
229_i_5_E,1.301167112
229_vi_1_A,1.370103771
229_vi_2_A,1.301167112
229_vi_2_B,1.301167112
229_vi_2_E,1.301167112
229_vi_3_A,1.370103771
229_vi_4_A,1.446325365
229_vi_4_D,1.446325365
229_vi_4_E,1.370103771
229_vi_5_A,1.301167112
229_vi_5_E,1.370103771
230_i_1_A,1.301167112
230_i_2_A,1.446325365
230_i_2_D,1.531802956
230_i_2_E,1.743657522
230_i_3_A,1.531802956
230_i_3_D,1.301167112
230_i_3_E,1.301167112
230_i_4_A,1.531802956
230_i_4_D,1.446325365
230_i_4_E,1.531802956
230_i_5_D,1.531802956
230_i_5_E,1.446325365
249_i_1_A,1.446325365
249_i_1_E,1.370103771
249_i_2_A,1.370103771
249_i_2_B,1.301167112
249_i_2_E,1.301167112
249_i_4_A,1.370103771
249_i_4_D,1.370103771
251_vi_1_A,1.629422542
251_vi_1_D,1.743657522
251_vi_1_E,1.370103771
251_vi_2_A,1.531802956
251_vi_2_D,1.531802956
251_vi_2_E,1.629422542
251_vi_3_A,1.531802956
251_vi_3_D,1.531802956
251_vi_3_E,1.301167112
251_vi_4_A,1.629422542
251_vi_4_D,1.446325365
251_vi_4_E,1.446325365
251_vi_5_A,1.301167112
251_vi_5_D,1.629422542
251_vi_5_E,1.301167112
253_i_1_A,3.134624572
253_i_1_B,1.446325365
253_i_1_C,1.446325365
253_i_1_D,2.721168735
253_i_1_E,2.304684113
253_i_2_A,2.721168735
253_i_2_D,2.721168735
253_i_2_E,3.134624572
253_i_3_A,3.134624572
253_i_3_C,1.301167112
253_i_3_D,3.134624572
253_i_3_E,3.134624572
253_i_4_A,3.134624572
253_i_4_B,1.301167112
253_i_4_C,1.446325365
253_i_4_D,3.134624572
253_i_4_E,2.721168735
253_i_5_A,2.721168735
253_i_5_D,2.304684113
253_i_5_E,2.721168735
276_i_1_A,2.304684113
276_i_1_D,2.058499317
276_i_1_E,2.304684113
276_i_2_A,2.058499317
276_i_2_B,1.446325365
276_i_2_C,1.301167112
276_i_2_D,2.304684113
276_i_2_E,2.721168735
276_i_3_A,2.304684113
276_i_3_C,1.301167112
276_i_3_D,2.304684113
276_i_3_E,3.134624572
276_i_4_A,3.134624572
276_i_4_D,3.134624572
276_i_4_E,2.304684113
276_i_5_A,1.882001124
276_i_5_D,2.304684113
276_i_5_E,2.721168735
286_vi_1_A,1.684091101
286_vi_1_D,1.964152936
286_vi_1_E,1.882001124
286_vi_2_A,1.578863981
286_vi_2_C,1.487753909
286_vi_2_D,2.478059282
286_vi_2_E,1.684091101
286_vi_3_A,1.446325365
286_vi_3_C,1.370103771
286_vi_3_D,1.487753909
286_vi_3_E,1.334823138
286_vi_4_A,1.743657522
286_vi_4_D,2.058499317
286_vi_4_E,2.058499317
286_vi_5_A,1.964152936
286_vi_5_C,1.531802956
286_vi_5_D,2.058499317
286_vi_5_E,1.882001124
29_i_2_A,1.301167112
29_i_2_D,1.301167112
29_i_2_E,1.301167112
29_i_3_A,1.301167112
328_vi_1_A,1.743657522
328_vi_1_E,1.882001124
328_vi_2_A,1.370103771
328_vi_2_C,1.446325365
328_vi_2_D,1.301167112
328_vi_3_A,1.531802956
328_vi_3_C,1.743657522
328_vi_3_D,1.743657522
328_vi_3_E,2.058499317
328_vi_4_A,1.446325365
328_vi_4_D,1.301167112
328_vi_5_A,1.629422542
328_vi_5_E,1.301167112
365_i_1_D,1.370103771
365_i_1_E,1.446325365
365_i_2_D,1.301167112
365_i_2_E,1.370103771
365_i_3_A,1.446325365
365_i_3_D,1.446325365
365_i_3_E,1.446325365
365_i_4_D,1.531802956
365_i_4_E,1.370103771
365_i_5_E,1.370103771
365_vi_1_E,1.301167112
365_vi_3_A,1.370103771
365_vi_3_E,1.301167112
365_vi_4_D,1.301167112
371_i_1_D,1.301167112
371_i_1_E,1.446325365
371_i_2_E,1.301167112
371_i_4_A,1.446325365
371_i_5_D,1.301167112
382_i_1_A,1.531802956
382_i_1_D,1.446325365
382_i_2_A,1.629422542
382_i_2_D,1.882001124
382_i_3_D,1.301167112
382_i_3_E,1.301167112
382_i_4_A,1.743657522
382_i_4_D,1.370103771
382_i_4_E,1.446325365
382_i_5_A,1.446325365
382_i_5_E,1.301167112
5_i_1_A,1.882001124
5_i_1_C,1.301167112
5_i_1_D,1.531802956
5_i_1_E,1.531802956
5_i_2_A,1.629422542
5_i_2_D,1.446325365
5_i_2_E,1.882001124
5_i_3_A,1.446325365
5_i_3_D,2.058499317
5_i_3_E,1.882001124
5_i_4_A,2.304684113
5_i_4_B,1.301167112
5_i_4_D,1.882001124
5_i_4_E,2.304684113
5_i_5_A,1.301167112
5_i_5_D,1.743657522
5_i_5_E,1.743657522
61_i_1_A,1.370103771
61_i_1_D,1.370103771
61_i_1_E,1.446325365
61_i_2_A,1.301167112
61_i_2_D,1.370103771
61_i_2_E,1.531802956
61_i_3_D,1.370103771
61_i_3_E,1.301167112
61_i_5_A,1.370103771
61_i_5_E,1.301167112
7_i_1_D,1.446325365
7_i_1_E,1.531802956
7_i_2_A,1.743657522
7_i_2_D,2.304684113
7_i_2_E,2.721168735
7_i_3_E,1.370103771
7_i_4_A,1.743657522
7_i_4_C,1.743657522
7_i_4_D,2.304684113
7_i_4_E,2.721168735
7_i_5_A,1.743657522
7_i_5_D,1.446325365
7_i_5_E,2.304684113
71_vi_1_A,1.743657522
71_vi_1_D,1.446325365
71_vi_2_A,1.743657522
71_vi_2_D,1.743657522
71_vi_3_D,1.531802956
71_vi_3_E,1.301167112
71_vi_4_A,2.058499317
71_vi_4_D,1.743657522
71_vi_4_E,1.629422542
71_vi_5_A,1.446325365
71_vi_5_D,1.446325365
71_vi_5_E,1.370103771
72_i_2_A,1.370103771
72_i_2_D,1.370103771
72_i_2_E,1.301167112
72_i_3_A,1.301167112
72_i_4_A,1.301167112
73_i_1_A,1.446325365
73_i_1_E,1.301167112
73_i_2_A,1.301167112
73_i_2_D,1.301167112
73_i_2_E,1.301167112
73_i_5_A,1.301167112
76_vi_1_E,1.301167112
76_vi_2_E,1.370103771
76_vi_3_D,1.301167112
76_vi_4_D,1.370103771
87_i_1_A,1.629422542
87_i_1_D,1.882001124
87_i_1_E,1.809159214
87_i_2_A,1.629422542
87_i_2_C,1.487753909
87_i_2_D,2.478059282
87_i_2_E,1.743657522
87_i_3_A,1.531802956
87_i_3_C,1.370103771
87_i_3_D,1.531802956
87_i_3_E,1.334823138
87_i_4_A,1.743657522
87_i_4_D,2.058499317
87_i_4_E,2.058499317
87_i_5_A,1.964152936
87_i_5_C,1.531802956
87_i_5_D,2.304684113
87_i_5_E,1.882001124
99_i_1_D,1.407197088
99_i_1_E,1.334823138
99_i_2_A,1.407197088
99_i_3_D,1.334823138
99_i_3_E,1.370103771
99_i_5_A,1.301167112
99_vi_1_A,1.531802956
99_vi_1_E,1.531802956
99_vi_2_E,1.370103771
99_vi_4_A,1.301167112
99_vi_5_A,1.370103771
